{"cameraMode":{"drawMode":0,"name":"Shaded","section":"Shading Mode"},"sceneLighting":false,"audioPlay":false,"sceneViewState":{"m_AlwaysRefresh":false,"showFog":true,"showSkybox":false,"showFlares":true,"showImageEffects":true,"showParticleSystems":true,"showVisualEffectGraphs":true,"m_FxEnabled":true},"in2DMode":false,"pivot":{"x":-1.8168030977249146,"y":0.4662003517150879,"z":-0.3678426146507263},"rotation":{"x":0.13029195368289948,"y":0.45545724034309389,"z":-0.06758188456296921,"w":0.878075897693634},"size":0.22556719183921815,"orthographic":false}