{"cameraMode":{"drawMode":0,"name":"Shaded","section":"Shading Mode"},"sceneLighting":true,"audioPlay":false,"sceneViewState":{"m_AlwaysRefresh":false,"showFog":true,"showSkybox":true,"showFlares":true,"showImageEffects":true,"showParticleSystems":true,"showVisualEffectGraphs":true,"m_FxEnabled":true},"in2DMode":false,"pivot":{"x":-0.0007856517331674695,"y":-1.3979460000991822,"z":2.6976735591888429},"rotation":{"x":0.026980627328157426,"y":-0.15445207059383393,"z":0.0042043025605380539,"w":0.9875915050506592},"size":17.036724090576173,"orthographic":false}